[{"model": "admin.logentry", "pk": 1, "fields": {"action_time": "2025-07-13T12:36:52.059Z", "user": 1, "content_type": 16, "object_id": "1", "object_repr": "Гулайым Кабулова - Миостимуляция (2025-07-25)", "action_flag": 2, "change_message": "[{\"changed\": {\"fields\": [\"\\u0421\\u0442\\u0430\\u0442\\u0443\\u0441\"]}}]"}}, {"model": "admin.logentry", "pk": 2, "fields": {"action_time": "2025-07-13T14:27:45.019Z", "user": 1, "content_type": 14, "object_id": "6", "object_repr": "Массаж сферами", "action_flag": 2, "change_message": "[{\"changed\": {\"fields\": [\"\\u0418\\u0437\\u043e\\u0431\\u0440\\u0430\\u0436\\u0435\\u043d\\u0438\\u0435\"]}}]"}}, {"model": "admin.logentry", "pk": 3, "fields": {"action_time": "2025-07-13T14:29:54.111Z", "user": 1, "content_type": 14, "object_id": "4", "object_repr": "RF лифтинг", "action_flag": 2, "change_message": "[{\"changed\": {\"fields\": [\"\\u0418\\u0437\\u043e\\u0431\\u0440\\u0430\\u0436\\u0435\\u043d\\u0438\\u0435\"]}}]"}}, {"model": "admin.logentry", "pk": 4, "fields": {"action_time": "2025-07-13T14:30:10.710Z", "user": 1, "content_type": 14, "object_id": "3", "object_repr": "Вакуумный массаж", "action_flag": 2, "change_message": "[{\"changed\": {\"fields\": [\"\\u0418\\u0437\\u043e\\u0431\\u0440\\u0430\\u0436\\u0435\\u043d\\u0438\\u0435\"]}}]"}}, {"model": "admin.logentry", "pk": 5, "fields": {"action_time": "2025-07-13T14:30:31.308Z", "user": 1, "content_type": 14, "object_id": "2", "object_repr": "Миостимуляция", "action_flag": 2, "change_message": "[{\"changed\": {\"fields\": [\"\\u0418\\u0437\\u043e\\u0431\\u0440\\u0430\\u0436\\u0435\\u043d\\u0438\\u0435\"]}}]"}}, {"model": "admin.logentry", "pk": 6, "fields": {"action_time": "2025-07-13T14:30:43.893Z", "user": 1, "content_type": 14, "object_id": "1", "object_repr": "LPG массаж", "action_flag": 2, "change_message": "[{\"changed\": {\"fields\": [\"\\u0418\\u0437\\u043e\\u0431\\u0440\\u0430\\u0436\\u0435\\u043d\\u0438\\u0435\"]}}]"}}, {"model": "admin.logentry", "pk": 7, "fields": {"action_time": "2025-07-13T14:30:53.830Z", "user": 1, "content_type": 14, "object_id": "5", "object_repr": "УЗ-кавитация", "action_flag": 2, "change_message": "[{\"changed\": {\"fields\": [\"\\u0418\\u0437\\u043e\\u0431\\u0440\\u0430\\u0436\\u0435\\u043d\\u0438\\u0435\"]}}]"}}, {"model": "admin.logentry", "pk": 8, "fields": {"action_time": "2025-07-25T12:17:13.468Z", "user": 1, "content_type": 18, "object_id": "1", "object_repr": "Отзыв на LPG массаж от Гулайым Кабулова", "action_flag": 2, "change_message": "[]"}}, {"model": "admin.logentry", "pk": 9, "fields": {"action_time": "2025-08-08T15:16:18.954Z", "user": 1, "content_type": 4, "object_id": "3", "object_repr": "Вадим", "action_flag": 2, "change_message": "[{\"changed\": {\"fields\": [\"Staff status\", \"Superuser status\"]}}]"}}, {"model": "admin.logentry", "pk": 10, "fields": {"action_time": "2025-08-08T16:28:59.865Z", "user": 1, "content_type": 14, "object_id": "7", "object_repr": "Ручной антицеллюлитный массаж 40 мин", "action_flag": 2, "change_message": "[{\"changed\": {\"fields\": [\"\\u0418\\u0437\\u043e\\u0431\\u0440\\u0430\\u0436\\u0435\\u043d\\u0438\\u0435\"]}}]"}}, {"model": "admin.logentry", "pk": 11, "fields": {"action_time": "2025-08-08T16:29:32.068Z", "user": 1, "content_type": 14, "object_id": "8", "object_repr": "Ручной антицеллюлитный массаж 60 мин", "action_flag": 2, "change_message": "[{\"changed\": {\"fields\": [\"\\u0418\\u0437\\u043e\\u0431\\u0440\\u0430\\u0436\\u0435\\u043d\\u0438\\u0435\"]}}]"}}, {"model": "admin.logentry", "pk": 12, "fields": {"action_time": "2025-08-08T16:31:36.882Z", "user": 1, "content_type": 14, "object_id": "9", "object_repr": "Общий массаж всего тела 60 мин", "action_flag": 2, "change_message": "[{\"changed\": {\"fields\": [\"\\u0418\\u0437\\u043e\\u0431\\u0440\\u0430\\u0436\\u0435\\u043d\\u0438\\u0435\"]}}]"}}, {"model": "admin.logentry", "pk": 13, "fields": {"action_time": "2025-08-08T16:31:52.758Z", "user": 1, "content_type": 14, "object_id": "10", "object_repr": "Общий массаж всего тела 90 мин", "action_flag": 2, "change_message": "[{\"changed\": {\"fields\": [\"\\u0418\\u0437\\u043e\\u0431\\u0440\\u0430\\u0436\\u0435\\u043d\\u0438\\u0435\"]}}]"}}, {"model": "admin.logentry", "pk": 14, "fields": {"action_time": "2025-08-08T16:35:17.423Z", "user": 1, "content_type": 14, "object_id": "11", "object_repr": "Французский моделирующий массаж", "action_flag": 2, "change_message": "[{\"changed\": {\"fields\": [\"\\u0418\\u0437\\u043e\\u0431\\u0440\\u0430\\u0436\\u0435\\u043d\\u0438\\u0435\"]}}]"}}, {"model": "admin.logentry", "pk": 15, "fields": {"action_time": "2025-08-08T16:40:28.813Z", "user": 1, "content_type": 14, "object_id": "12", "object_repr": "Скульптурный массаж лица", "action_flag": 2, "change_message": "[{\"changed\": {\"fields\": [\"\\u0418\\u0437\\u043e\\u0431\\u0440\\u0430\\u0436\\u0435\\u043d\\u0438\\u0435\"]}}]"}}, {"model": "admin.logentry", "pk": 16, "fields": {"action_time": "2025-08-08T16:43:26.284Z", "user": 1, "content_type": 14, "object_id": "12", "object_repr": "Скульптурный массаж лица", "action_flag": 2, "change_message": "[{\"changed\": {\"fields\": [\"\\u0418\\u0437\\u043e\\u0431\\u0440\\u0430\\u0436\\u0435\\u043d\\u0438\\u0435\"]}}]"}}, {"model": "admin.logentry", "pk": 17, "fields": {"action_time": "2025-08-08T16:45:34.432Z", "user": 1, "content_type": 14, "object_id": "13", "object_repr": "Классический массаж лица 30 мин", "action_flag": 2, "change_message": "[{\"changed\": {\"fields\": [\"\\u0418\\u0437\\u043e\\u0431\\u0440\\u0430\\u0436\\u0435\\u043d\\u0438\\u0435\"]}}]"}}, {"model": "admin.logentry", "pk": 18, "fields": {"action_time": "2025-08-08T16:45:52.316Z", "user": 1, "content_type": 14, "object_id": "14", "object_repr": "Классический массаж лица 60 мин", "action_flag": 2, "change_message": "[{\"changed\": {\"fields\": [\"\\u0418\\u0437\\u043e\\u0431\\u0440\\u0430\\u0436\\u0435\\u043d\\u0438\\u0435\"]}}]"}}, {"model": "admin.logentry", "pk": 19, "fields": {"action_time": "2025-08-08T16:48:30.532Z", "user": 1, "content_type": 14, "object_id": "15", "object_repr": "Феруловый массаж", "action_flag": 2, "change_message": "[{\"changed\": {\"fields\": [\"\\u0418\\u0437\\u043e\\u0431\\u0440\\u0430\\u0436\\u0435\\u043d\\u0438\\u0435\"]}}]"}}, {"model": "admin.logentry", "pk": 20, "fields": {"action_time": "2025-08-08T16:50:02.035Z", "user": 1, "content_type": 14, "object_id": "16", "object_repr": "Микротоковая терапия", "action_flag": 2, "change_message": "[{\"changed\": {\"fields\": [\"\\u0418\\u0437\\u043e\\u0431\\u0440\\u0430\\u0436\\u0435\\u043d\\u0438\\u0435\"]}}]"}}, {"model": "admin.logentry", "pk": 21, "fields": {"action_time": "2025-08-08T16:51:14.580Z", "user": 1, "content_type": 14, "object_id": "16", "object_repr": "Микротоковая терапия", "action_flag": 2, "change_message": "[{\"changed\": {\"fields\": [\"\\u0418\\u0437\\u043e\\u0431\\u0440\\u0430\\u0436\\u0435\\u043d\\u0438\\u0435\"]}}]"}}, {"model": "admin.logentry", "pk": 22, "fields": {"action_time": "2025-08-08T16:53:58.893Z", "user": 1, "content_type": 14, "object_id": "17", "object_repr": "Комплекс для лица с RF-лифтингом", "action_flag": 2, "change_message": "[{\"changed\": {\"fields\": [\"\\u0418\\u0437\\u043e\\u0431\\u0440\\u0430\\u0436\\u0435\\u043d\\u0438\\u0435\"]}}]"}}, {"model": "auth.permission", "pk": 1, "fields": {"name": "Can add log entry", "content_type": 1, "codename": "add_logentry"}}, {"model": "auth.permission", "pk": 2, "fields": {"name": "Can change log entry", "content_type": 1, "codename": "change_logentry"}}, {"model": "auth.permission", "pk": 3, "fields": {"name": "Can delete log entry", "content_type": 1, "codename": "delete_logentry"}}, {"model": "auth.permission", "pk": 4, "fields": {"name": "Can view log entry", "content_type": 1, "codename": "view_logentry"}}, {"model": "auth.permission", "pk": 5, "fields": {"name": "Can add permission", "content_type": 2, "codename": "add_permission"}}, {"model": "auth.permission", "pk": 6, "fields": {"name": "Can change permission", "content_type": 2, "codename": "change_permission"}}, {"model": "auth.permission", "pk": 7, "fields": {"name": "Can delete permission", "content_type": 2, "codename": "delete_permission"}}, {"model": "auth.permission", "pk": 8, "fields": {"name": "Can view permission", "content_type": 2, "codename": "view_permission"}}, {"model": "auth.permission", "pk": 9, "fields": {"name": "Can add group", "content_type": 3, "codename": "add_group"}}, {"model": "auth.permission", "pk": 10, "fields": {"name": "Can change group", "content_type": 3, "codename": "change_group"}}, {"model": "auth.permission", "pk": 11, "fields": {"name": "Can delete group", "content_type": 3, "codename": "delete_group"}}, {"model": "auth.permission", "pk": 12, "fields": {"name": "Can view group", "content_type": 3, "codename": "view_group"}}, {"model": "auth.permission", "pk": 13, "fields": {"name": "Can add user", "content_type": 4, "codename": "add_user"}}, {"model": "auth.permission", "pk": 14, "fields": {"name": "Can change user", "content_type": 4, "codename": "change_user"}}, {"model": "auth.permission", "pk": 15, "fields": {"name": "Can delete user", "content_type": 4, "codename": "delete_user"}}, {"model": "auth.permission", "pk": 16, "fields": {"name": "Can view user", "content_type": 4, "codename": "view_user"}}, {"model": "auth.permission", "pk": 17, "fields": {"name": "Can add content type", "content_type": 5, "codename": "add_contenttype"}}, {"model": "auth.permission", "pk": 18, "fields": {"name": "Can change content type", "content_type": 5, "codename": "change_contenttype"}}, {"model": "auth.permission", "pk": 19, "fields": {"name": "Can delete content type", "content_type": 5, "codename": "delete_contenttype"}}, {"model": "auth.permission", "pk": 20, "fields": {"name": "Can view content type", "content_type": 5, "codename": "view_contenttype"}}, {"model": "auth.permission", "pk": 21, "fields": {"name": "Can add session", "content_type": 6, "codename": "add_session"}}, {"model": "auth.permission", "pk": 22, "fields": {"name": "Can change session", "content_type": 6, "codename": "change_session"}}, {"model": "auth.permission", "pk": 23, "fields": {"name": "Can delete session", "content_type": 6, "codename": "delete_session"}}, {"model": "auth.permission", "pk": 24, "fields": {"name": "Can view session", "content_type": 6, "codename": "view_session"}}, {"model": "auth.permission", "pk": 25, "fields": {"name": "Can add email address", "content_type": 7, "codename": "add_emailaddress"}}, {"model": "auth.permission", "pk": 26, "fields": {"name": "Can change email address", "content_type": 7, "codename": "change_emailaddress"}}, {"model": "auth.permission", "pk": 27, "fields": {"name": "Can delete email address", "content_type": 7, "codename": "delete_emailaddress"}}, {"model": "auth.permission", "pk": 28, "fields": {"name": "Can view email address", "content_type": 7, "codename": "view_emailaddress"}}, {"model": "auth.permission", "pk": 29, "fields": {"name": "Can add email confirmation", "content_type": 8, "codename": "add_emailconfirmation"}}, {"model": "auth.permission", "pk": 30, "fields": {"name": "Can change email confirmation", "content_type": 8, "codename": "change_emailconfirmation"}}, {"model": "auth.permission", "pk": 31, "fields": {"name": "Can delete email confirmation", "content_type": 8, "codename": "delete_emailconfirmation"}}, {"model": "auth.permission", "pk": 32, "fields": {"name": "Can view email confirmation", "content_type": 8, "codename": "view_emailconfirmation"}}, {"model": "auth.permission", "pk": 33, "fields": {"name": "Can add social account", "content_type": 9, "codename": "add_socialaccount"}}, {"model": "auth.permission", "pk": 34, "fields": {"name": "Can change social account", "content_type": 9, "codename": "change_socialaccount"}}, {"model": "auth.permission", "pk": 35, "fields": {"name": "Can delete social account", "content_type": 9, "codename": "delete_socialaccount"}}, {"model": "auth.permission", "pk": 36, "fields": {"name": "Can view social account", "content_type": 9, "codename": "view_socialaccount"}}, {"model": "auth.permission", "pk": 37, "fields": {"name": "Can add social application", "content_type": 10, "codename": "add_socialapp"}}, {"model": "auth.permission", "pk": 38, "fields": {"name": "Can change social application", "content_type": 10, "codename": "change_socialapp"}}, {"model": "auth.permission", "pk": 39, "fields": {"name": "Can delete social application", "content_type": 10, "codename": "delete_socialapp"}}, {"model": "auth.permission", "pk": 40, "fields": {"name": "Can view social application", "content_type": 10, "codename": "view_socialapp"}}, {"model": "auth.permission", "pk": 41, "fields": {"name": "Can add social application token", "content_type": 11, "codename": "add_socialtoken"}}, {"model": "auth.permission", "pk": 42, "fields": {"name": "Can change social application token", "content_type": 11, "codename": "change_socialtoken"}}, {"model": "auth.permission", "pk": 43, "fields": {"name": "Can delete social application token", "content_type": 11, "codename": "delete_socialtoken"}}, {"model": "auth.permission", "pk": 44, "fields": {"name": "Can view social application token", "content_type": 11, "codename": "view_socialtoken"}}, {"model": "auth.permission", "pk": 45, "fields": {"name": "Can add Клиент", "content_type": 12, "codename": "add_client"}}, {"model": "auth.permission", "pk": 46, "fields": {"name": "Can change Клиент", "content_type": 12, "codename": "change_client"}}, {"model": "auth.permission", "pk": 47, "fields": {"name": "Can delete Клиент", "content_type": 12, "codename": "delete_client"}}, {"model": "auth.permission", "pk": 48, "fields": {"name": "Can view Клиент", "content_type": 12, "codename": "view_client"}}, {"model": "auth.permission", "pk": 49, "fields": {"name": "Can add Категория услуг", "content_type": 13, "codename": "add_servicecategory"}}, {"model": "auth.permission", "pk": 50, "fields": {"name": "Can change Категория услуг", "content_type": 13, "codename": "change_servicecategory"}}, {"model": "auth.permission", "pk": 51, "fields": {"name": "Can delete Категория услуг", "content_type": 13, "codename": "delete_servicecategory"}}, {"model": "auth.permission", "pk": 52, "fields": {"name": "Can view Категория услуг", "content_type": 13, "codename": "view_servicecategory"}}, {"model": "auth.permission", "pk": 53, "fields": {"name": "Can add Услуга", "content_type": 14, "codename": "add_service"}}, {"model": "auth.permission", "pk": 54, "fields": {"name": "Can change Услуга", "content_type": 14, "codename": "change_service"}}, {"model": "auth.permission", "pk": 55, "fields": {"name": "Can delete Услуга", "content_type": 14, "codename": "delete_service"}}, {"model": "auth.permission", "pk": 56, "fields": {"name": "Can view Услуга", "content_type": 14, "codename": "view_service"}}, {"model": "auth.permission", "pk": 57, "fields": {"name": "Can add Филиал", "content_type": 15, "codename": "add_location"}}, {"model": "auth.permission", "pk": 58, "fields": {"name": "Can change Филиал", "content_type": 15, "codename": "change_location"}}, {"model": "auth.permission", "pk": 59, "fields": {"name": "Can delete Филиал", "content_type": 15, "codename": "delete_location"}}, {"model": "auth.permission", "pk": 60, "fields": {"name": "Can view Филиал", "content_type": 15, "codename": "view_location"}}, {"model": "auth.permission", "pk": 61, "fields": {"name": "Can add Запись", "content_type": 16, "codename": "add_appointment"}}, {"model": "auth.permission", "pk": 62, "fields": {"name": "Can change Запись", "content_type": 16, "codename": "change_appointment"}}, {"model": "auth.permission", "pk": 63, "fields": {"name": "Can delete Запись", "content_type": 16, "codename": "delete_appointment"}}, {"model": "auth.permission", "pk": 64, "fields": {"name": "Can view Запись", "content_type": 16, "codename": "view_appointment"}}, {"model": "auth.permission", "pk": 65, "fields": {"name": "Can add Отзыв", "content_type": 17, "codename": "add_review"}}, {"model": "auth.permission", "pk": 66, "fields": {"name": "Can change Отзыв", "content_type": 17, "codename": "change_review"}}, {"model": "auth.permission", "pk": 67, "fields": {"name": "Can delete Отзыв", "content_type": 17, "codename": "delete_review"}}, {"model": "auth.permission", "pk": 68, "fields": {"name": "Can view Отзыв", "content_type": 17, "codename": "view_review"}}, {"model": "auth.permission", "pk": 69, "fields": {"name": "Can add Отзыв об услуге", "content_type": 18, "codename": "add_servicereview"}}, {"model": "auth.permission", "pk": 70, "fields": {"name": "Can change Отзыв об услуге", "content_type": 18, "codename": "change_servicereview"}}, {"model": "auth.permission", "pk": 71, "fields": {"name": "Can delete Отзыв об услуге", "content_type": 18, "codename": "delete_servicereview"}}, {"model": "auth.permission", "pk": 72, "fields": {"name": "Can view Отзыв об услуге", "content_type": 18, "codename": "view_servicereview"}}, {"model": "auth.permission", "pk": 73, "fields": {"name": "Can add Учетные данные Google Calendar", "content_type": 19, "codename": "add_googlecalendarcredentials"}}, {"model": "auth.permission", "pk": 74, "fields": {"name": "Can change Учетные данные Google Calendar", "content_type": 19, "codename": "change_googlecalendarcredentials"}}, {"model": "auth.permission", "pk": 75, "fields": {"name": "Can delete Учетные данные Google Calendar", "content_type": 19, "codename": "delete_googlecalendarcredentials"}}, {"model": "auth.permission", "pk": 76, "fields": {"name": "Can view Учетные данные Google Calendar", "content_type": 19, "codename": "view_googlecalendarcredentials"}}, {"model": "auth.permission", "pk": 77, "fields": {"name": "Can add Настройки календаря", "content_type": 20, "codename": "add_calendarsettings"}}, {"model": "auth.permission", "pk": 78, "fields": {"name": "Can change Настройки календаря", "content_type": 20, "codename": "change_calendarsettings"}}, {"model": "auth.permission", "pk": 79, "fields": {"name": "Can delete Настройки календаря", "content_type": 20, "codename": "delete_calendarsettings"}}, {"model": "auth.permission", "pk": 80, "fields": {"name": "Can view Настройки календаря", "content_type": 20, "codename": "view_calendarsettings"}}, {"model": "auth.user", "pk": 1, "fields": {"password": "pbkdf2_sha256$1000000$siKHYlYsm3hB3V1eTcJmIU$hTPQESYdHiVYcjXLY/QIbHhKZchU+MsoEc54nzLHnqs=", "last_login": "2025-08-08T17:10:03.624Z", "is_superuser": true, "username": "Admin765", "first_name": "Вадим", "last_name": "Козлов", "email": "kozlov67b@gmail.com", "is_staff": true, "is_active": true, "date_joined": "2025-07-10T14:53:35.362Z", "groups": [], "user_permissions": []}}, {"model": "auth.user", "pk": 2, "fields": {"password": "pbkdf2_sha256$1000000$pAzn5JIlXwxsK2wTqNnvpR$kC28wJUKJ5ZV5ASw1zp/xuIj00gpax6XzJH/nUa90uc=", "last_login": "2025-07-10T14:57:06.599Z", "is_superuser": false, "username": "SteelFrame", "first_name": "", "last_name": "", "email": "klient242435922@gmail.com", "is_staff": false, "is_active": true, "date_joined": "2025-07-10T14:57:05.590Z", "groups": [], "user_permissions": []}}, {"model": "auth.user", "pk": 3, "fields": {"password": "pbkdf2_sha256$1000000$aF6Z9hhkz30oIhCpsb63AH$qp8jboj2HSJj/ymU0M4mkmQPz20W5ekA3qc+2uZI30g=", "last_login": "2025-08-08T12:12:00Z", "is_superuser": true, "username": "Вадим", "first_name": "Вадим", "last_name": "Козлов", "email": "kozlov68b@gmail.com", "is_staff": true, "is_active": true, "date_joined": "2025-08-08T12:11:58Z", "groups": [], "user_permissions": []}}, {"model": "auth.user", "pk": 4, "fields": {"password": "pbkdf2_sha256$1000000$vQVMzvy8N4DA16rESrHm1X$duB03DuaEWuadJ0WCJqoW3R8IxA0t4wfN85v5DGtnno=", "last_login": "2025-08-08T14:55:43.949Z", "is_superuser": false, "username": "SteelFrame1", "first_name": "", "last_name": "", "email": "", "is_staff": false, "is_active": true, "date_joined": "2025-08-08T14:55:42.808Z", "groups": [], "user_permissions": []}}, {"model": "contenttypes.contenttype", "pk": 1, "fields": {"app_label": "admin", "model": "logentry"}}, {"model": "contenttypes.contenttype", "pk": 2, "fields": {"app_label": "auth", "model": "permission"}}, {"model": "contenttypes.contenttype", "pk": 3, "fields": {"app_label": "auth", "model": "group"}}, {"model": "contenttypes.contenttype", "pk": 4, "fields": {"app_label": "auth", "model": "user"}}, {"model": "contenttypes.contenttype", "pk": 5, "fields": {"app_label": "contenttypes", "model": "contenttype"}}, {"model": "contenttypes.contenttype", "pk": 6, "fields": {"app_label": "sessions", "model": "session"}}, {"model": "contenttypes.contenttype", "pk": 7, "fields": {"app_label": "account", "model": "emailaddress"}}, {"model": "contenttypes.contenttype", "pk": 8, "fields": {"app_label": "account", "model": "emailconfirmation"}}, {"model": "contenttypes.contenttype", "pk": 9, "fields": {"app_label": "socialaccount", "model": "socialaccount"}}, {"model": "contenttypes.contenttype", "pk": 10, "fields": {"app_label": "socialaccount", "model": "socialapp"}}, {"model": "contenttypes.contenttype", "pk": 11, "fields": {"app_label": "socialaccount", "model": "socialtoken"}}, {"model": "contenttypes.contenttype", "pk": 12, "fields": {"app_label": "core", "model": "client"}}, {"model": "contenttypes.contenttype", "pk": 13, "fields": {"app_label": "services", "model": "servicecategory"}}, {"model": "contenttypes.contenttype", "pk": 14, "fields": {"app_label": "services", "model": "service"}}, {"model": "contenttypes.contenttype", "pk": 15, "fields": {"app_label": "locations", "model": "location"}}, {"model": "contenttypes.contenttype", "pk": 16, "fields": {"app_label": "appointments", "model": "appointment"}}, {"model": "contenttypes.contenttype", "pk": 17, "fields": {"app_label": "appointments", "model": "review"}}, {"model": "contenttypes.contenttype", "pk": 18, "fields": {"app_label": "services", "model": "servicereview"}}, {"model": "contenttypes.contenttype", "pk": 19, "fields": {"app_label": "calendar_integration", "model": "googlecalendarcredentials"}}, {"model": "contenttypes.contenttype", "pk": 20, "fields": {"app_label": "calendar_integration", "model": "calendarsettings"}}, {"model": "sessions.session", "pk": "jqjp2lweehfzeyq26cdnom0q1oueqpoj", "fields": {"session_data": ".eJxVjstuwyAQRf-FdYV4GGO8zL7fgGaYcU0SQWWw1CrKv8eJsmh1d_dxdG8iwt7XuDfeYiYxCy0-_noI6cLlGdAZyleVqZa-ZZTPinynTX5W4uvp3f0HWKGtxxohgPeLcQTorcYl0Mh6CUGR8gkNAllka6wn0lrBcAiNMwOnyRk9HlBIqe6lv9hcek7QmSJ0MWvv7DC40QeptJumyR0XGreWa4n88523XzGr-wNyOE3y:1ufHJv:e3zc5TN-vLju28XNlNbWdl9ApW_U61ZmRD__FpQGALw", "expire_date": "2025-08-08T12:14:39.017Z"}}, {"model": "sessions.session", "pk": "kegd8dwksg1d1gthzom02d0j6ihf02q3", "fields": {"session_data": ".eJxVjk1uwyAQhe_CukIw2BB72X3PgGaYcUxbQWSw1Cjq3etEWaR6u_fz6d1UxL2vcW-yxcxqVla9vXqE6UvKPeBPLOeqUy19y6TvFf1Mm_6oLN_vz-4_wIptPdaEE4awwMhIwVlaJvZil2kybEIiIGRH4sAFZmsNDocIRhgknUaw_oBiSnUv_cGW0nPCLhyxq9mGcfDBGeO0dwDg4bjQpLVcS5SfS96uaja_f29zTdc:1ukQbT:0osLppqYOEkTueL5F4R4BOHzzYh1_oW75pGnWUta9J0", "expire_date": "2025-08-22T17:10:03.633Z"}}, {"model": "sessions.session", "pk": "qxq4k17c5y769wvqujz6mwpdc5noipp0", "fields": {"session_data": ".eJxVjkEOwiAURO_C2hCgLZQu3XsG8vl8LGrAFJpojHe3Ghe6nTfzMg_mYG2zWystLgU2Mcl2v5kHPFN-g3CCfCwcS25L8vxd4V9a-aEEuuy_3T_BDHXe1qLDHr2JVsXRQx8iCdmJTmwpWTCKFHmUA8qoaQwySBMVCe1N3w0EZtykgFjW3D5uyi0hNAoOGpukGVQvrB0st1pqoc12oVKtqWRHt2ta7mwSzxdrpk4B:1uavsl:L5XTSMDGCb0JTJm5dGMTkxaFvvQzZUh66w2ZUWK2v3k", "expire_date": "2025-07-27T12:32:39.976Z"}}, {"model": "account.emailaddress", "pk": 1, "fields": {"user": 2, "email": "klient242435922@gmail.com", "verified": false, "primary": true}}, {"model": "core.client", "pk": 1, "fields": {"created": "2025-07-13T12:33:01.464Z", "updated": "2025-08-08T17:10:30.228Z", "user": 1, "phone": "+7 (999) 123-45-67"}}, {"model": "core.client", "pk": 2, "fields": {"created": "2025-08-08T12:12:07.670Z", "updated": "2025-08-08T12:12:51.605Z", "user": 3, "phone": "+7 (999) 123-45-67"}}, {"model": "core.client", "pk": 3, "fields": {"created": "2025-08-08T14:55:51.309Z", "updated": "2025-08-08T14:55:51.309Z", "user": 4, "phone": ""}}, {"model": "services.servicecategory", "pk": 1, "fields": {"created": "2023-01-01T00:00:00Z", "updated": "2023-01-01T00:00:00Z", "name": "Аппаратный массаж", "description": "Процедуры с использованием специализированных аппаратов для коррекции фигуры и улучшения состояния кожи", "image": "", "icon": "bi-magic"}}, {"model": "services.servicecategory", "pk": 2, "fields": {"created": "2023-01-01T00:00:00Z", "updated": "2023-01-01T00:00:00Z", "name": "Ручной массаж", "description": "Эффективные массажные техники, выполняемые опытными специалистами", "image": "", "icon": "bi-hand-index-thumb"}}, {"model": "services.servicecategory", "pk": 3, "fields": {"created": "2023-01-01T00:00:00Z", "updated": "2023-01-01T00:00:00Z", "name": "Массаж лица", "description": "Специализированные техники массажа для улучшения контуров лица, омоложения кожи и снятия напряжения", "image": "", "icon": "bi-emoji-smile"}}, {"model": "services.service", "pk": 1, "fields": {"created": "2023-01-01T00:00:00Z", "updated": "2025-07-13T14:30:43.889Z", "category": 1, "name": "LPG массаж", "description": "Современная косметологическая процедура, направленная на улучшение состояния кожи и тканей с использованием аппарата, который сочетает вакуумное воздействие и механическое роликовое массирование. Эта техника активно используется для коррекции фигуры, борьбы с целлюлитом, устранения отёков, а также для омоложения кожи лица.", "price": "1300.00", "duration": "01:00:00", "image": "services/LPG.jpg", "is_active": true}}, {"model": "services.service", "pk": 2, "fields": {"created": "2023-01-01T00:00:00Z", "updated": "2025-07-13T14:30:31.302Z", "category": 1, "name": "Миостимуляция", "description": "Электроды, подключённые к аппарату миостимуляции, размещаются на коже в области целевых мышц. Под воздействием электрического тока мышцы начинают сокращаться аналогично тому, как это происходит при физической нагрузке.", "price": "550.00", "duration": "00:40:00", "image": "services/Миостимуляция.jpg", "is_active": true}}, {"model": "services.service", "pk": 3, "fields": {"created": "2023-01-01T00:00:00Z", "updated": "2025-07-13T14:30:10.706Z", "category": 1, "name": "Вакуумный массаж", "description": "Во время процедуры на проблемную область воздействуют с помощью специальных роликово-вакуумных насадок. В результате в обработанной зоне активизируется лимфоотток, улучшается кровоснабжение.", "price": "1200.00", "duration": "00:45:00", "image": "services/Вакуум.jpg", "is_active": true}}, {"model": "services.service", "pk": 4, "fields": {"created": "2023-01-01T00:00:00Z", "updated": "2025-07-13T14:29:54.107Z", "category": 1, "name": "RF лифтинг", "description": "Суть метода заключается в точечном воздействии радиоволн на наиболее уязвимые зоны, где чаще всего образуется целлюлит и мешочки, то есть которым свойственна возрастная дряблость.", "price": "1000.00", "duration": "00:40:00", "image": "services/RF-лифтинг.jpg", "is_active": true}}, {"model": "services.service", "pk": 5, "fields": {"created": "2023-01-01T00:00:00Z", "updated": "2025-07-13T14:30:53.826Z", "category": 1, "name": "УЗ-кавитация", "description": "Ультразвуковая кавитация для тела — это аппаратный метод эстетической медицины, устраняющий локальные жировые отложения.", "price": "1000.00", "duration": "00:40:00", "image": "services/УЗ-кавитация.jpg", "is_active": true}}, {"model": "services.service", "pk": 6, "fields": {"created": "2023-01-01T00:00:00Z", "updated": "2025-07-13T14:27:45.009Z", "category": 1, "name": "Массаж сферами", "description": "Результаты становятся заметны уже после нескольких сеансов: кожа подтягивается, контуры тела становятся более четкими, а эффект лифтинга сохраняется на длительное время.", "price": "2100.00", "duration": "01:00:00", "image": "services/Сферы.jpg", "is_active": true}}, {"model": "services.service", "pk": 7, "fields": {"created": "2023-01-01T00:00:00Z", "updated": "2025-08-08T16:28:59.859Z", "category": 2, "name": "Ручной антицеллюлитный массаж 40 мин", "description": "Традиционный ручной массаж против целлюлита - это эффективны метод борьбы с \"Апельсиновой коркой\" и улучшение упругости кожи.", "price": "1500.00", "duration": "00:40:00", "image": "services/anticelljulitnyj-massaz_mMKHB5y.jpg", "is_active": true}}, {"model": "services.service", "pk": 8, "fields": {"created": "2023-01-01T00:00:00Z", "updated": "2025-08-08T16:29:32.061Z", "category": 2, "name": "Ручной антицеллюлитный массаж 60 мин", "description": "Традиционный ручной массаж против целлюлита - это эффективны метод борьбы с \"Апельсиновой коркой\" и улучшение упругости кожи.", "price": "1800.00", "duration": "01:00:00", "image": "services/anticelljulitnyj-massaz_QdeJ2CB.jpg", "is_active": true}}, {"model": "services.service", "pk": 9, "fields": {"created": "2023-01-01T00:00:00Z", "updated": "2025-08-08T16:31:36.878Z", "category": 2, "name": "Общий массаж всего тела 60 мин", "description": "Комплексная процедура, охватывающая все тело от стоп до шеи, способствует расслаблению мышц, улучшает кровообращение и общее самочувствие. Снимает мышечное напряжение и стресс, дарит ощущение легкости и обновления.", "price": "2200.00", "duration": "01:00:00", "image": "services/XXL1_copy_1_dP0soMF.jpg", "is_active": true}}, {"model": "services.service", "pk": 10, "fields": {"created": "2023-01-01T00:00:00Z", "updated": "2025-08-08T16:31:52.753Z", "category": 2, "name": "Общий массаж всего тела 90 мин", "description": "Комплексная процедура, охватывающая все тело от стоп до шеи, способствует расслаблению мышц, улучшает кровообращение и общее самочувствие. Снимает мышечное напряжение и стресс, дарит ощущение легкости и обновления.", "price": "2700.00", "duration": "01:30:00", "image": "services/XXL1_copy_1_9BDOoU0.jpg", "is_active": true}}, {"model": "services.service", "pk": 11, "fields": {"created": "2023-01-01T00:00:00Z", "updated": "2025-08-08T16:35:17.419Z", "category": 3, "name": "Французский моделирующий массаж", "description": "Интенсивная техника массажа, направленная на улучшение контуров лица и борьбу с возрастными изменениями. Стимулирует кровообращение, укрепляет мышцы и создает эффект естественного лифтинга.", "price": "2100.00", "duration": "00:40:00", "image": "services/france_I4EI4hg.jpg", "is_active": true}}, {"model": "services.service", "pk": 12, "fields": {"created": "2023-01-01T00:00:00Z", "updated": "2025-08-08T16:43:26.276Z", "category": 3, "name": "Скульптурный массаж лица", "description": "Глубокая техника работы с мышцами и тканями лица, направленная на коррекцию овала, устранение отечности и восстановление четких контуров. Помогает устранить признаки усталости и стресса.", "price": "2500.00", "duration": "01:15:00", "image": "services/fdb44f1c98af210deffc7d027e2831f8_fJYP649.jpg", "is_active": true}}, {"model": "services.service", "pk": 13, "fields": {"created": "2023-01-01T00:00:00Z", "updated": "2025-08-08T16:45:34.428Z", "category": 3, "name": "Классический массаж лица 30 мин", "description": "Базовая техника массажа лица, включающая поглаживания, растирания и легкие надавливания. Способствует улучшению кровообращения, снятию напряжения мимических мышц и выравниванию тона кожи.", "price": "1300.00", "duration": "00:30:00", "image": "services/skulpturno-glubokiy-1_FTYFuZC.jpg", "is_active": true}}, {"model": "services.service", "pk": 14, "fields": {"created": "2023-01-01T00:00:00Z", "updated": "2025-08-08T16:45:52.312Z", "category": 3, "name": "Классический массаж лица 60 мин", "description": "Базовая техника массажа лица, включающая поглаживания, растирания и легкие надавливания. Способствует улучшению кровообращения, снятию напряжения мимических мышц и выравниванию тона кожи.", "price": "2100.00", "duration": "01:00:00", "image": "services/skulpturno-glubokiy-1_QE0ajjb.jpg", "is_active": true}}, {"model": "services.service", "pk": 15, "fields": {"created": "2023-01-01T00:00:00Z", "updated": "2025-08-08T16:48:30.529Z", "category": 3, "name": "Феруловый массаж", "description": "Специальная техника массажа с использованием феруловой кислоты, которая обладает мощными антиоксидантными свойствами. Замедляет процессы старения, выравнивает тон кожи и уменьшает видимость морщин.", "price": "2500.00", "duration": "00:45:00", "image": "services/ferul_lz7s7oy.jpg", "is_active": true}}, {"model": "services.service", "pk": 16, "fields": {"created": "2023-01-01T00:00:00Z", "updated": "2025-08-08T16:51:14.575Z", "category": 3, "name": "Микротоковая терапия", "description": "Импульсы минимального напряжения помогают повернуть время вспять, избавиться от темных кругов, восстановить эластичность тканей, сделать более четкими контуры лица. Микротоки действуют мягко, стимулируют регенеративные процессы, выводят лишнюю жидкость.", "price": "2300.00", "duration": "00:45:00", "image": "services/20221117-mikrotoki_ssBiMSu.jpg", "is_active": true}}, {"model": "services.service", "pk": 17, "fields": {"created": "2023-01-01T00:00:00Z", "updated": "2025-08-08T16:53:58.886Z", "category": 3, "name": "Комплекс для лица с RF-лифтингом", "description": "Комбинированная процедура, сочетающая массаж лица и RF-лифтинг. Обеспечивает глубокое воздействие на дерму, стимулирует выработку коллагена и эластина, моделирует овал лица и уменьшает глубину морщин.", "price": "2050.00", "duration": "01:00:00", "image": "services/RF_lifting_Scarlet_S_P3frksd.jpg", "is_active": true}}, {"model": "services.servicereview", "pk": 1, "fields": {"created": "2025-07-25T12:16:29.669Z", "updated": "2025-07-25T12:17:13.465Z", "user": 1, "service": 1, "location": 2, "rating": 5, "comment": "Реально работает! Всем советую!", "is_published": true}}, {"model": "locations.location", "pk": 1, "fields": {"created": "2023-01-01T00:00:00Z", "updated": "2023-01-01T00:00:00Z", "name": "ЮАнна на Фабричной", "address": "г. Пенза, ул. Фабричная, д. 3", "phone": "+7 (900) 123-45-67", "email": "fabr@yuanna.ru", "working_hours": "Пн-Пт: 9:00-21:00, Сб-Вс: 10:00-19:00", "description": "Главный филиал студии массажа ЮАнна расположен в центральной части города. Здесь представлен полный спектр услуг нашей студии.", "image": "", "is_active": true, "latitude": "53.1925", "longitude": "45.0142"}}, {"model": "locations.location", "pk": 2, "fields": {"created": "2023-01-01T00:00:00Z", "updated": "2023-01-01T00:00:00Z", "name": "ЮАнна на Олимпийской", "address": "г. Пенза, ул. Олимпийская, д. 10", "phone": "+7 (900) 123-45-68", "email": "olymp@yuanna.ru", "working_hours": "Пн-Пт: 10:00-22:00, Сб-Вс: 10:00-20:00", "description": "Уютный филиал в северной части города с современным оборудованием и профессиональным персоналом.", "image": "", "is_active": true, "latitude": "53.2138", "longitude": "44.9988"}}, {"model": "locations.location", "pk": 3, "fields": {"created": "2023-01-01T00:00:00Z", "updated": "2023-01-01T00:00:00Z", "name": "ЮАнна на Строителей", "address": "г. Пенза, пр-т Строителей, д. 39В", "phone": "+7 (900) 123-45-69", "email": "stroit@yuanna.ru", "working_hours": "Пн-Вс: 9:00-21:00", "description": "Просторный и современный филиал с расширенным спектром услуг и удобной парковкой.", "image": "", "is_active": true, "latitude": "53.2046", "longitude": "45.0149"}}, {"model": "appointments.appointment", "pk": 1, "fields": {"created": "2025-07-13T12:35:13.361Z", "updated": "2025-07-13T12:36:52.057Z", "client": 1, "service": 2, "location": 3, "date": "2025-07-25", "time": "18:40:00", "status": "confirmed", "notes": "Могу опоздать", "admin_notes": "", "notified": false}}, {"model": "appointments.appointment", "pk": 2, "fields": {"created": "2025-07-13T14:34:52.785Z", "updated": "2025-08-08T12:08:01.755Z", "client": 1, "service": 4, "location": 1, "date": "2025-07-26", "time": "18:35:00", "status": "canceled", "notes": "", "admin_notes": "Не дозвонились", "notified": false}}, {"model": "appointments.appointment", "pk": 3, "fields": {"created": "2025-07-26T13:33:21.365Z", "updated": "2025-07-26T13:34:43.151Z", "client": 1, "service": 3, "location": 2, "date": "2025-07-31", "time": "18:00:00", "status": "confirmed", "notes": "Могу не много опоздать", "admin_notes": "Не много странная тетя", "notified": true}}, {"model": "appointments.appointment", "pk": 4, "fields": {"created": "2025-08-07T13:18:17.559Z", "updated": "2025-08-07T13:19:05.035Z", "client": 1, "service": 2, "location": 2, "date": "2025-08-08", "time": "07:00:00", "status": "confirmed", "notes": "", "admin_notes": "", "notified": true}}, {"model": "appointments.appointment", "pk": 5, "fields": {"created": "2025-08-07T16:05:10.006Z", "updated": "2025-08-07T16:05:10.006Z", "client": 1, "service": 12, "location": 3, "date": "2025-08-07", "time": "20:00:00", "status": "pending", "notes": "", "admin_notes": "", "notified": false}}, {"model": "appointments.appointment", "pk": 6, "fields": {"created": "2025-08-07T16:29:01.530Z", "updated": "2025-08-08T14:36:24.334Z", "client": 1, "service": 3, "location": 2, "date": "2025-08-23", "time": "21:30:00", "status": "completed", "notes": "", "admin_notes": "", "notified": false}}, {"model": "appointments.appointment", "pk": 7, "fields": {"created": "2025-08-08T12:13:23.442Z", "updated": "2025-08-08T12:13:23.442Z", "client": 3, "service": 11, "location": 1, "date": "2025-08-08", "time": "02:13:00", "status": "pending", "notes": "", "admin_notes": "", "notified": false}}, {"model": "appointments.appointment", "pk": 8, "fields": {"created": "2025-08-08T14:56:57.252Z", "updated": "2025-08-08T14:56:57.252Z", "client": 4, "service": 8, "location": 2, "date": "2025-08-01", "time": "04:56:00", "status": "pending", "notes": "", "admin_notes": "", "notified": false}}]